question,answer,category
what are the library opening hours,The library is open Monday to Friday 9am to 8pm and Saturday 10am to 4pm.,hours
how can i renew a book,You can renew books online via the student portal or at the circulation desk if no one else has requested it.,renewal
how many books can i borrow,Students can borrow up to 5 books for 21 days. Some reference books are for in-library use only.,borrowing
what is the fine for late books,Late fine is 10 rupees per day per book. Maximum fine equals the cost of the book.,fines
how do i reserve a study room,Reserve a study room through the library website or at the help desk. Rooms can be booked up to 7 days in advance.,rooms
how do i request an interlibrary loan,Fill the interlibrary loan form on the library website and allow 5-10 working days for processing.,interlibrary
do you have ebooks and journals,"Yes, we have ebooks and subscribed journals. Access them through the digital resources section on the library portal.",resources
what documents do i need to get a library card,Bring your student id and a recent passport photo to the circulation desk to get a library card.,card
what are visiting hours for guests,Guests may use the library between 10am and 4pm Monday to Friday. Guest access requires temporary pass from the desk.,visitors
how can i report a missing or damaged book,Report missing or damaged books to the circulation desk immediately and fill the incident form. Replacement or fine may apply.,damaged
